Year: Job Market..?,Good Time (%),Bad Time (%)
2025-11,33,63
2025-08,41,54
2025-04,38,58
2025-01,48,45
2024-10,44,50
2024-08,45,50
2024-04,49,45
2024-01,55,39
2023-11,57,40
2023-08,56,43
2023-04,59,39
2023-01,64,33
2022-11,62,35
2022-08,69,30
2022-04,71,27
2022-01,72,25
2021-10,74,24
2021-08,72,26
2021-04,43,55
2021-01,27,71
2020-11,36,61
2020-07,29,69
2020-04,22,77
2020-01,68,30
2019-11,65,34
2019-10,65,32
2019-08,69,29
2019-07,67,31
2019-06,66,32
2019-05,71,27
2019-04,65,32
2019-03,65,33
2019-02,69,29
2019-01,66,31
2018-12,66,30
2018-11,68,28
2018-10,68,28
2018-09,64,32
2018-08,65,32
2018-07,68,27
2018-06,65,32
2018-05,67,31
2018-04,62,35
2018-03,64,31
2018-02,64,33
2018-01,57,39
2017-12,62,34
2017-11,62,34
2017-10,61,33
2017-09,61,36
2017-08,59,36
2017-07,53,43
2017-06,58,36
2017-05,53,43
2017-04,50,45
2017-03,53,42
2017-02,54,42
2017-01,50,46
2016-12,43,53
2016-11,43,53
2016-10,42,54
2016-09,44,52
2016-08,39,57
2016-07,43,53
2016-06,43,53
2016-05,42,54
2016-04,40,58
2016-03,42,54
2016-02,40,56
2016-01,45,50
2015-12,44,52
2015-11,42,55
2015-10,43,55
2015-09,45,51
2015-08,39,56
2015-07,38,57
2015-06,41,55
2015-05,43,54
2015-04,43,53
2015-03,42,53
2015-02,40,56
2015-01,45,50
