Year: Economy...?,Good (%),Poor (%)
2025-12,19,47
2025-11,19,40
2025-10,22,37
2025-09,25,37
2025-08,23,38
2025-07,26,36
2025-06,25,31
2025-05,21,37
2025-04,19,39
2025-03,18,36
2025-02,18,33
2025-01,22,40
2024-12,23,40
2024-11,22,40
2024-10,21,46
2024-09,19,48
2024-08,20,45
2024-07,19,46
2024-06,22,48
2024-05,18,46
2024-04,21,44
2024-03,26,39
2024-02,22,41
2024-01,22,45
2023-12,19,45
2023-11,17,50
2023-10,17,47
2023-09,17,48
2023-08,21,42
2023-07,20,42
2023-06,18,44
2023-05,16,47
2023-04,15,47
2023-03,15,43
2023-02,15,45
2023-01,15,45
2022-11,14,46
2022-10,12,49
2022-09,15,48
2022-08,15,47
2022-07,13,52
2022-06,11,54
2022-05,13,46
2022-04,18,42
2022-03,20,44
2022-02,18,42
2022-01,21,37
2021-12,17,42
2021-11,20,36
2021-10,23,33
2021-09,23,35
2021-08,26,29
2021-07,26,27
2021-06,27,26
2021-05,24,30
2021-04,26,26
2021-03,21,31
2021-02,18,31
2021-01,24,33
2020-12,26,29
2020-11,27,23
2020-09,26,29
2020-08,26,34
2020-07,24,30
2020-07,25,33
2020-05,19,36
2020-05,18,42
2020-04,19,43
2020-04,20,39
2020-03,39,11
2020-02,39,9
2020-01,40,8
2019-12,37,12
2019-11,39,9
2019-10,37,13
2019-09,35,14
2019-08,40,13
2019-07,37,12
2019-06,40,14
2019-05,40,12
2019-04,36,14
2019-03,40,12
2019-02,43,12
2019-01,37,14
2018-12,40,12
2018-11,38,14
2018-10,41,12
2018-10,40,12
2018-09,37,13
2018-08,42,13
2018-07,44,12
2018-06,41,13
2018-05,41,15
2018-04,36,13
2018-03,41,12
2018-02,41,14
2018-01,37,16
2017-12,36,18
2017-04,37,14
2016-04,23,28
2015-04,27,25
